{"val_roc_auc":0.7514657666666668,"val_accuracy":0.3129,"train_roc_auc":0.7095678502222224,"val_pr_auc":0.30254015200095413,"train_precision":0.2810074062604423,"learning_rate":0.06112604669781584,"val_recall":0.31289999999999996,"train_recall":0.28247999999999995,"_timestamp":1.7664339260157218e+09,"train_pr_auc":0.23959063790920335,"train_accuracy":0.28248,"epoch":300,"_wandb":{"runtime":664},"val_loss":3.291267341375351,"best_val_accuracy":0.3402,"_step":299,"_runtime":664,"train_f1":0.28164576415891435,"val_f1":0.27696251274151695,"train_loss":3.7800938888471953,"val_precision":0.3685604355796257}