{"_wandb":{"runtime":162},"eval_step_accuracy":0.1,"_runtime":162,"train_epoch_precision":0.10041042630668695,"train_epoch_f1":0.10036237296189827,"train_epoch_recall":0.10038310181176813,"eval_step_recall":0.1,"train_epoch_roc_auc":0.5001681862326688,"train_epoch_accuracy":0.10038283475783476,"eval_step_pr_auc":0.1,"eval_step_f1":0.01818181818181818,"train_epoch_pr_auc":0.10005613568506715,"_step":53,"eval_step_precision":0.01,"eval_step_roc_auc":0.5,"_timestamp":1.7650169058520532e+09}