{"train_loss_epoch":-0.6325774192810059,"_wandb":{"runtime":259},"_runtime":259,"epoch":37,"trainer/global_step":7409,"_timestamp":1.766431281115588e+09,"_step":778,"train_loss_step":-0.6446323394775391}