{"train_loss_epoch":-0.6013234257698059,"_wandb":{"runtime":25},"_runtime":25,"_timestamp":1.7664301693042393e+09,"_step":587,"train_loss_step":-0.604988694190979,"epoch":2,"trainer/global_step":584}