{"train_loss_epoch":-0.7018397450447083,"_wandb":{"runtime":197},"_runtime":197,"train_loss_step":-0.6740753650665283,"epoch":40,"trainer/global_step":7929,"_timestamp":1.7664321056137147e+09,"_step":832}