{"epoch":5,"trainer/global_step":1029,"_timestamp":1.7664317588169158e+09,"_step":107,"train_loss_epoch":-0.6003269553184509,"_wandb":{"runtime":26},"_runtime":26,"train_loss_step":-0.6329226493835449}