{"_timestamp":1.7664321298767617e+09,"_step":2,"_wandb":{"runtime":1},"_runtime":1,"train_loss_step":-0.5179563760757446,"epoch":0,"trainer/global_step":29}