{"eval_step_pr_auc":0.9553698073064079,"eval_step_recall":0.8905999999999998,"_wandb":{"runtime":208},"train_epoch_roc_auc":0.9969154812401071,"train_epoch_f1":0.9291981378711014,"train_epoch_pr_auc":0.9781914704036442,"train_epoch_precision":0.9291740780996787,"_step":53,"eval_step_precision":0.8909955400759821,"eval_step_f1":0.8905751314276987,"_timestamp":1.7650176406989353e+09,"eval_step_roc_auc":0.9929475555555554,"eval_step_accuracy":0.8906,"train_epoch_recall":0.9292667263731988,"train_epoch_accuracy":0.9292646011396012,"_runtime":208}