{"train_loss_step":-0.511681079864502,"epoch":0,"_wandb":{"runtime":1},"_runtime":1,"trainer/global_step":39,"_timestamp":1.7664321662900143e+09,"_step":3}