{"train_loss":1.6889285238421694,"val_pr_auc":0.4043665772188588,"train_accuracy":0.3914,"val_loss":1.6792942017316819,"_step":99,"val_f1":0.39349273820024444,"_timestamp":1.766432885715328e+09,"train_precision":0.38500631630637006,"train_pr_auc":0.38886241495612484,"val_recall":0.4021,"_runtime":123,"val_roc_auc":0.8301548333333333,"val_precision":0.39941415114102957,"epoch":100,"learning_rate":0,"best_val_accuracy":0.4023,"train_recall":0.39139999999999997,"val_accuracy":0.4021,"train_f1":0.3845059563352007,"train_roc_auc":0.8243854017777779,"_wandb":{"runtime":123}}