{"learning_rate":0,"val_roc_auc":0.8385778055555555,"best_val_accuracy":0.4214,"val_precision":0.4137513653772157,"_runtime":370,"_step":199,"epoch":200,"val_accuracy":0.4214,"train_recall":0.3882,"train_roc_auc":0.8222480886666667,"val_recall":0.42140000000000005,"val_pr_auc":0.41902672508861666,"train_loss":1.6991495252872,"_timestamp":1.7664368377762918e+09,"val_loss":1.6279643565416335,"val_f1":0.412999575122697,"_wandb":{"runtime":370},"train_precision":0.3832031179187307,"train_pr_auc":0.3836286165480873,"train_f1":0.3822540793510163,"train_accuracy":0.3882}