{"trainer/global_step":3222,"_timestamp":1.7664301351356099e+09,"train_loss_epoch":-0.6501021385192871,"_wandb":{"runtime":137},"_runtime":137,"_step":3238,"train_loss_step":-0.6410651206970215,"epoch":16}