{"_wandb":{"runtime":1},"epoch":1,"train_recall":0.25108,"train_f1":0.2506784645144306,"val_f1":0.2528638948388017,"_timestamp":1.7664327128249528e+09,"val_loss":3.382525736093521,"val_roc_auc":0.73436455,"val_precision":0.33597097063581083,"learning_rate":0.09997532801828658,"_runtime":1,"_step":0,"best_val_accuracy":0.2794,"val_recall":0.27940000000000004,"train_pr_auc":0.21278368609756013,"val_pr_auc":0.28714324578623945,"train_loss":3.41304489787744,"train_precision":0.25039381650267134,"val_accuracy":0.2794,"train_roc_auc":0.6871262282222224,"train_accuracy":0.25108}