{"epoch":281,"val_accuracy":0.3986,"val_recall":0.39860000000000007,"train_precision":0.3810023654738429,"_wandb":{"runtime":352},"train_pr_auc":0.3848197450723211,"_step":280,"train_accuracy":0.3878,"train_loss":1.694853094767551,"train_f1":0.38067524632890976,"val_precision":0.40328526050997554,"_timestamp":1.7664332546123962e+09,"val_roc_auc":0.8295554166666665,"train_recall":0.38780000000000003,"_runtime":352,"val_loss":1.6872933864593507,"best_val_accuracy":0.4023,"val_f1":0.3894900003735865,"learning_rate":0.0009864412689139115,"train_roc_auc":0.8232191177777779,"val_pr_auc":0.40479204916324807}